id,neuron_id,neurite_id,reference_id,frag_id,evi_id
0,5001,485,800000,20000,20001
1,5001,419,800000,20000,20001
2,5001,472,800000,20000,20001
3,5001,406,800000,20000,20001
4,5001,473,800000,20000,20001
5,5001,407,800000,20000,20001
6,5001,474,800000,20000,20001
7,5001,408,800000,20000,20001
8,5001,412,800000,20000,20001
9,5001,413,800000,20000,20001
10,5001,414,800000,20000,20001
11,5001,485,800002,20017,20018
12,5001,419,800002,20017,20018
13,5001,472,800002,20017,20018
14,5001,406,800002,20017,20018
15,5001,473,800002,20017,20018
16,5001,407,800002,20017,20018
17,5001,474,800002,20017,20018
18,5001,408,800002,20017,20018
19,5005,485,800004,20029,20030
20,5005,419,800004,20029,20030
21,5005,472,800004,20029,20030
22,5005,406,800004,20029,20030
23,5005,473,800004,20029,20030
24,5005,407,800004,20029,20030
25,5005,474,800004,20029,20030
26,5005,408,800004,20029,20030
27,5005,402,800004,20029,20030
28,5005,403,800004,20029,20030
29,5005,404,800004,20029,20030
30,5002,485,800006,20066,20067
31,5002,419,800006,20066,20067
32,5002,472,800006,20066,20067
33,5002,406,800006,20066,20067
34,5002,473,800006,20066,20067
35,5002,407,800006,20066,20067
36,5002,485,800008,20080,20081
37,5002,419,800008,20080,20081
38,5002,472,800008,20080,20081
39,5002,406,800008,20080,20081
40,5002,473,800008,20080,20081
41,5002,407,800008,20080,20081
42,5002,485,800010,20090,20091
43,5002,419,800010,20090,20091
44,5002,472,800010,20090,20091
45,5002,406,800010,20090,20091
46,5002,473,800010,20090,20091
47,5002,407,800010,20090,20091
48,3000,483,800012,20104,20105
49,3000,417,800012,20104,20105
50,3000,467,800012,20104,20105
51,3000,401,800012,20104,20105
52,3000,466,800012,20104,20105
53,3000,400,800012,20104,20105
54,3000,465,800012,20104,20105
55,3000,464,800012,20104,20105
56,3000,392,800012,20104,20105
57,3000,399,800012,20104,20105
58,3000,403,800012,20104,20105
59,3000,404,800012,20104,20105
60,3000,405,800012,20104,20105
61,3000,483,800014,20133,20134
62,3000,417,800014,20133,20134
63,3000,467,800014,20133,20134
64,3000,401,800014,20133,20134
65,3000,466,800014,20133,20134
66,3000,400,800014,20133,20134
67,3000,465,800014,20133,20134
68,3000,399,800014,20133,20134
69,3000,464,800014,20133,20134
70,3000,483,800016,20156,20157
71,3000,417,800016,20156,20157
72,3000,467,800016,20156,20157
73,3000,401,800016,20156,20157
74,3000,466,800016,20156,20157
75,3000,400,800016,20156,20157
76,3000,465,800016,20156,20157
77,3000,399,800016,20156,20157
78,3000,464,800016,20156,20157
79,3000,405,800016,20156,20157
80,3000,397,800016,20156,20157
81,3000,396,800016,20156,20157
82,3000,394,800016,20156,20157
83,3006,483,800018,20183,20184
84,3006,417,800018,20183,20184
85,3006,467,800018,20183,20184
86,3006,401,800018,20183,20184
87,3006,466,800018,20183,20184
88,3006,400,800018,20183,20184
89,3006,465,800018,20183,20184
90,3006,399,800018,20183,20184
91,3006,464,800018,20183,20184
92,3007,483,800020,20220,20221
93,3007,417,800020,20220,20221
94,3007,405,800020,20220,20221
95,3007,470,800020,20220,20221
96,3007,404,800020,20220,20221
97,3007,403,800020,20220,20221
98,3007,467,800020,20220,20221
99,3007,401,800020,20220,20221
100,3007,466,800020,20220,20221
101,3007,400,800020,20220,20221
102,3007,465,800020,20220,20221
103,3007,399,800020,20220,20221
104,3007,464,800020,20220,20221
105,3007,398,800020,20220,20221
106,3007,462,800020,20220,20221
107,3007,396,800020,20220,20221
108,3003,483,800022,20268,20269
109,3003,417,800022,20268,20269
110,3003,405,800022,20268,20269
111,3003,403,800022,20268,20269
112,3003,467,800022,20268,20269
113,3003,401,800022,20268,20269
114,3003,466,800022,20268,20269
115,3003,400,800022,20268,20269
116,3003,465,800022,20268,20269
117,3003,399,800022,20268,20269
118,3003,483,800024,20290,20291
119,3003,417,800024,20290,20291
120,3003,471,800024,20290,20291
121,3003,405,800024,20290,20291
122,3003,404,800024,20290,20291
123,3003,469,800024,20290,20291
124,3003,403,800024,20290,20291
125,3003,467,800024,20290,20291
126,3003,401,800024,20290,20291
127,3003,466,800024,20290,20291
128,3003,400,800024,20290,20291
129,3003,465,800024,20290,20291
130,3003,399,800024,20290,20291
131,3008,483,800026,20315,20316
132,3008,417,800026,20315,20316
133,3008,467,800026,20315,20316
134,3008,401,800026,20315,20316
135,3008,466,800026,20315,20316
136,3008,400,800026,20315,20316
137,3008,465,800026,20315,20316
138,3008,399,800026,20315,20316
139,1000,481,800028,20347,20348
140,1000,415,800028,20347,20348
141,1000,455,800028,20347,20348
142,1000,389,800028,20347,20348
143,1000,456,800028,20347,20348
144,1000,390,800028,20347,20348
145,1000,457,800028,20347,20348
146,1000,391,800028,20347,20348
147,1000,458,800028,20347,20348
148,1000,392,800028,20347,20348
149,1000,396,800028,20347,20348
150,1000,395,800028,20347,20348
151,1000,400,800028,20347,20348
152,1000,481,800030,20376,20377
153,1000,415,800030,20376,20377
154,1000,455,800030,20376,20377
155,1000,389,800030,20376,20377
156,1000,456,800030,20376,20377
157,1000,390,800030,20376,20377
158,1000,457,800030,20376,20377
159,1000,391,800030,20376,20377
160,1000,458,800030,20376,20377
161,1000,392,800030,20376,20377
162,1000,396,800030,20376,20377
163,1000,481,800032,20403,20404
164,1000,415,800032,20403,20404
165,1000,455,800032,20403,20404
166,1000,389,800032,20403,20404
167,1000,456,800032,20403,20404
168,1000,390,800032,20403,20404
169,1000,457,800032,20403,20404
170,1000,391,800032,20403,20404
171,1000,458,800032,20403,20404
172,1000,392,800032,20403,20404
173,1000,396,800032,20403,20404
174,1000,395,800032,20403,20404
175,1041,481,800034,20434,20435
176,1041,415,800034,20434,20435
177,1041,455,800034,20434,20435
178,1041,389,800034,20434,20435
179,1041,456,800034,20434,20435
180,1041,390,800034,20434,20435
181,1041,457,800034,20434,20435
182,1041,391,800034,20434,20435
183,1041,458,800034,20434,20435
184,1041,392,800034,20434,20435
185,1041,395,800034,20434,20435
186,1001,481,800036,20476,20477
187,1001,415,800036,20476,20477
188,1001,455,800036,20476,20477
189,1001,389,800036,20476,20477
190,1001,456,800036,20476,20477
191,1001,390,800036,20476,20477
192,1001,457,800036,20476,20477
193,1001,391,800036,20476,20477
194,1001,458,800036,20476,20477
195,1001,392,800036,20476,20477
196,1001,395,800036,20476,20477
197,1001,481,800038,20503,20504
198,1001,415,800038,20503,20504
199,1001,455,800038,20503,20504
200,1001,389,800038,20503,20504
201,1001,456,800038,20503,20504
202,1001,390,800038,20503,20504
203,1001,457,800038,20503,20504
204,1001,391,800038,20503,20504
205,1001,458,800038,20503,20504
206,1001,392,800038,20503,20504
207,1002,481,800040,20529,20530
208,1002,415,800040,20529,20530
209,1002,455,800040,20529,20530
210,1002,389,800040,20529,20530
211,1002,456,800040,20529,20530
212,1002,390,800040,20529,20530
213,1002,457,800040,20529,20530
214,1002,391,800040,20529,20530
215,1002,458,800040,20529,20530
216,1002,392,800040,20529,20530
217,1002,481,800042,20563,20564
218,1002,415,800042,20563,20564
219,1002,455,800042,20563,20564
220,1002,389,800042,20563,20564
221,1002,456,800042,20563,20564
222,1002,390,800042,20563,20564
223,1002,457,800042,20563,20564
224,1002,391,800042,20563,20564
225,1002,458,800042,20563,20564
226,1002,392,800042,20563,20564
227,1002,481,800044,20605,20606
228,1002,415,800044,20605,20606
229,1002,455,800044,20605,20606
230,1002,389,800044,20605,20606
231,1002,456,800044,20605,20606
232,1002,390,800044,20605,20606
233,1002,457,800044,20605,20606
234,1002,391,800044,20605,20606
235,1002,458,800044,20605,20606
236,1002,392,800044,20605,20606
237,1043,481,800046,20639,20640
238,1043,415,800046,20639,20640
239,1043,455,800046,20639,20640
240,1043,389,800046,20639,20640
241,1043,456,800046,20639,20640
242,1043,390,800046,20639,20640
243,1043,457,800046,20639,20640
244,1043,391,800046,20639,20640
245,1043,458,800046,20639,20640
246,1043,392,800046,20639,20640
247,1027,481,800048,20681,20682
248,1027,415,800048,20681,20682
249,1027,455,800048,20681,20682
250,1027,389,800048,20681,20682
251,1027,456,800048,20681,20682
252,1027,390,800048,20681,20682
253,1027,457,800048,20681,20682
254,1027,391,800048,20681,20682
255,1027,458,800048,20681,20682
256,1027,392,800048,20681,20682
257,1027,481,800050,20708,20709
258,1027,415,800050,20708,20709
259,1027,455,800050,20708,20709
260,1027,389,800050,20708,20709
261,1027,456,800050,20708,20709
262,1027,390,800050,20708,20709
263,1027,457,800050,20708,20709
264,1027,391,800050,20708,20709
265,1027,458,800050,20708,20709
266,1027,392,800050,20708,20709
267,1027,481,800052,20736,20737
268,1027,415,800052,20736,20737
269,1027,455,800052,20736,20737
270,1027,389,800052,20736,20737
271,1027,456,800052,20736,20737
272,1027,390,800052,20736,20737
273,1027,457,800052,20736,20737
274,1027,391,800052,20736,20737
275,1027,458,800052,20736,20737
276,1027,392,800052,20736,20737
277,1010,481,800054,20763,20764
278,1010,415,800054,20763,20764
279,1010,455,800054,20763,20764
280,1010,389,800054,20763,20764
281,1010,456,800054,20763,20764
282,1010,390,800054,20763,20764
283,1010,457,800054,20763,20764
284,1010,391,800054,20763,20764
285,1010,458,800054,20763,20764
286,1010,392,800054,20763,20764
287,1035,481,800056,20805,20806
288,1035,415,800056,20805,20806
289,1035,455,800056,20805,20806
290,1035,389,800056,20805,20806
291,1035,456,800056,20805,20806
292,1035,390,800056,20805,20806
293,1035,457,800056,20805,20806
294,1035,391,800056,20805,20806
295,1035,458,800056,20805,20806
296,1035,392,800056,20805,20806
297,1035,481,800058,20832,20833
298,1035,415,800058,20832,20833
299,1035,455,800058,20832,20833
300,1035,389,800058,20832,20833
301,1035,456,800058,20832,20833
302,1035,390,800058,20832,20833
303,1035,457,800058,20832,20833
304,1035,391,800058,20832,20833
305,1035,458,800058,20832,20833
306,1035,392,800058,20832,20833
307,1036,481,800060,20858,20859
308,1036,415,800060,20858,20859
309,1036,455,800060,20858,20859
310,1036,389,800060,20858,20859
311,1036,456,800060,20858,20859
312,1036,390,800060,20858,20859
313,1036,457,800060,20858,20859
314,1036,391,800060,20858,20859
315,1036,458,800060,20858,20859
316,1036,392,800060,20858,20859
317,1009,481,800062,20900,20901
318,1009,415,800062,20900,20901
319,1009,455,800062,20900,20901
320,1009,389,800062,20900,20901
321,1009,456,800062,20900,20901
322,1009,390,800062,20900,20901
323,1009,457,800062,20900,20901
324,1009,391,800062,20900,20901
325,1009,458,800062,20900,20901
326,1009,392,800062,20900,20901
327,1009,481,800064,20921,20922
328,1009,415,800064,20921,20922
329,1009,455,800064,20921,20922
330,1009,389,800064,20921,20922
331,1009,456,800064,20921,20922
332,1009,390,800064,20921,20922
333,1009,457,800064,20921,20922
334,1009,391,800064,20921,20922
335,1009,458,800064,20921,20922
336,1009,392,800064,20921,20922
337,1009,481,800066,20940,20941
338,1009,415,800066,20940,20941
339,1009,455,800066,20940,20941
340,1009,389,800066,20940,20941
341,1009,456,800066,20940,20941
342,1009,390,800066,20940,20941
343,1009,457,800066,20940,20941
344,1009,391,800066,20940,20941
345,1009,458,800066,20940,20941
346,1009,392,800066,20940,20941
347,1013,481,800068,20959,20960
348,1013,415,800068,20959,20960
349,1013,455,800068,20959,20960
350,1013,389,800068,20959,20960
351,1013,456,800068,20959,20960
352,1013,390,800068,20959,20960
353,1013,457,800068,20959,20960
354,1013,391,800068,20959,20960
355,1013,458,800068,20959,20960
356,1013,392,800068,20959,20960
357,1013,481,800070,20985,20986
358,1013,415,800070,20985,20986
359,1013,455,800070,20985,20986
360,1013,389,800070,20985,20986
361,1013,456,800070,20985,20986
362,1013,390,800070,20985,20986
363,1013,457,800070,20985,20986
364,1013,391,800070,20985,20986
365,1013,458,800070,20985,20986
366,1013,392,800070,20985,20986
367,1026,481,800094,21011,21012
368,1026,415,800094,21011,21012
369,1026,455,800094,21011,21012
370,1026,389,800094,21011,21012
371,1026,456,800094,21011,21012
372,1026,390,800094,21011,21012
373,1026,457,800094,21011,21012
374,1026,391,800094,21011,21012
375,1026,458,800094,21011,21012
376,1026,392,800094,21011,21012
377,1026,397,800094,21011,21012
378,1026,396,800094,21011,21012
379,1026,395,800094,21011,21012
380,1026,394,800094,21011,21012
381,1026,481,800096,21033,21034
382,1026,415,800096,21033,21034
383,1026,455,800096,21033,21034
384,1026,389,800096,21033,21034
385,1026,456,800096,21033,21034
386,1026,390,800096,21033,21034
387,1026,457,800096,21033,21034
388,1026,391,800096,21033,21034
389,1026,458,800096,21033,21034
390,1026,392,800096,21033,21034
391,1026,397,800096,21033,21034
392,1026,396,800096,21033,21034
393,1026,395,800096,21033,21034
394,1026,394,800096,21033,21034
395,1040,481,800072,21055,21056
396,1040,415,800072,21055,21056
397,1040,455,800072,21055,21056
398,1040,389,800072,21055,21056
399,1040,456,800072,21055,21056
400,1040,390,800072,21055,21056
401,1040,457,800072,21055,21056
402,1040,391,800072,21055,21056
403,1040,458,800072,21055,21056
404,1040,392,800072,21055,21056
405,1005,481,800074,21097,21098
406,1005,415,800074,21097,21098
407,1005,455,800074,21097,21098
408,1005,389,800074,21097,21098
409,1005,456,800074,21097,21098
410,1005,390,800074,21097,21098
411,1005,457,800074,21097,21098
412,1005,391,800074,21097,21098
413,1005,458,800074,21097,21098
414,1005,392,800074,21097,21098
415,1005,481,800076,21115,21116
416,1005,415,800076,21115,21116
417,1005,455,800076,21115,21116
418,1005,389,800076,21115,21116
419,1005,456,800076,21115,21116
420,1005,390,800076,21115,21116
421,1005,457,800076,21115,21116
422,1005,391,800076,21115,21116
423,1005,458,800076,21115,21116
424,1005,392,800076,21115,21116
425,1005,481,800078,21133,21134
426,1005,415,800078,21133,21134
427,1005,455,800078,21133,21134
428,1005,389,800078,21133,21134
429,1005,456,800078,21133,21134
430,1005,390,800078,21133,21134
431,1005,457,800078,21133,21134
432,1005,391,800078,21133,21134
433,1005,458,800078,21133,21134
434,1005,392,800078,21133,21134
435,1008,481,800080,21152,21153
436,1008,415,800080,21152,21153
437,1008,455,800080,21152,21153
438,1008,389,800080,21152,21153
439,1008,481,800082,21160,21161
440,1008,415,800082,21160,21161
441,1008,455,800082,21160,21161
442,1008,389,800082,21160,21161
443,1008,481,800084,21168,21169
444,1008,415,800084,21168,21169
445,1008,455,800084,21168,21169
446,1008,389,800084,21168,21169
447,1007,481,800086,21180,21181
448,1007,415,800086,21180,21181
449,1007,455,800086,21180,21181
450,1007,389,800086,21180,21181
451,1007,406,800086,21180,21181
452,1006,481,800088,21196,21197
453,1006,415,800088,21196,21197
454,1006,455,800088,21196,21197
455,1006,389,800088,21196,21197
456,1006,456,800088,21196,21197
457,1006,390,800088,21196,21197
458,1006,457,800088,21196,21197
459,1006,391,800088,21196,21197
460,1006,458,800088,21196,21197
461,1006,481,800090,21206,21207
462,1006,415,800090,21206,21207
463,1006,455,800090,21206,21207
464,1006,389,800090,21206,21207
465,1006,456,800090,21206,21207
466,1006,390,800090,21206,21207
467,1006,457,800090,21206,21207
468,1006,391,800090,21206,21207
469,1006,458,800090,21206,21207
470,1006,392,800090,21206,21207
471,1004,481,800092,21224,21225
472,1004,415,800092,21224,21225
473,1004,455,800092,21224,21225
474,1004,389,800092,21224,21225
475,1004,456,800092,21224,21225
476,1004,390,800092,21224,21225
477,1004,457,800092,21224,21225
478,1004,391,800092,21224,21225
479,1004,458,800092,21224,21225
480,1004,392,800092,21224,21225
481,2000,482,800098,21266,21267
482,2000,416,800098,21266,21267
483,2000,463,800098,21266,21267
484,2000,397,800098,21266,21267
485,2000,462,800098,21266,21267
486,2000,396,800098,21266,21267
487,2000,461,800098,21266,21267
488,2000,395,800098,21266,21267
489,2000,460,800098,21266,21267
490,2000,394,800098,21266,21267
491,2000,459,800098,21266,21267
492,2000,399,800098,21266,21267
493,2000,401,800098,21266,21267
494,2000,403,800098,21266,21267
495,2000,405,800098,21266,21267
496,2000,482,800100,21309,21310
497,2000,416,800100,21309,21310
498,2000,463,800100,21309,21310
499,2000,397,800100,21309,21310
500,2000,462,800100,21309,21310
501,2000,396,800100,21309,21310
502,2000,461,800100,21309,21310
503,2000,395,800100,21309,21310
504,2000,460,800100,21309,21310
505,2000,394,800100,21309,21310
506,2000,459,800100,21309,21310
507,2004,482,800102,21336,21337
508,2004,416,800102,21336,21337
509,2004,463,800102,21336,21337
510,2004,397,800102,21336,21337
511,2004,462,800102,21336,21337
512,2004,396,800102,21336,21337
513,2004,461,800102,21336,21337
514,2004,395,800102,21336,21337
515,2004,460,800102,21336,21337
516,2004,394,800102,21336,21337
517,2004,390,800102,21336,21337
518,2004,392,800102,21336,21337
519,2004,399,800102,21336,21337
520,2004,401,800102,21336,21337
521,2004,403,800102,21336,21337
522,2004,405,800102,21336,21337
523,2004,406,800102,21336,21337
524,2001,482,800104,21385,21386
525,2001,416,800104,21385,21386
526,2001,395,800104,21385,21386
527,2001,460,800104,21385,21386
528,2001,394,800104,21385,21386
529,2001,459,800104,21385,21386
530,2001,482,800106,21407,21408
531,2001,416,800106,21407,21408
532,2001,395,800106,21407,21408
533,2001,460,800106,21407,21408
534,2001,394,800106,21407,21408
535,2001,459,800106,21407,21408
536,2028,482,800108,21429,21430
537,2028,416,800108,21429,21430
538,2028,463,800108,21429,21430
539,2028,397,800108,21429,21430
540,2028,462,800108,21429,21430
541,2028,396,800108,21429,21430
542,2028,461,800108,21429,21430
543,2028,395,800108,21429,21430
544,2028,460,800108,21429,21430
545,2028,394,800108,21429,21430
546,2028,459,800108,21429,21430
547,2047,482,800110,21476,21477
548,2047,416,800110,21476,21477
549,2047,463,800110,21476,21477
550,2047,397,800110,21476,21477
551,2047,462,800110,21476,21477
552,2047,396,800110,21476,21477
553,2047,482,800386,21498,21499
554,2047,416,800386,21498,21499
555,2047,463,800386,21498,21499
556,2047,397,800386,21498,21499
557,2047,462,800386,21498,21499
558,2047,396,800386,21498,21499
559,2047,461,800386,21498,21499
560,2047,395,800386,21498,21499
561,2047,460,800386,21498,21499
562,2043,482,800112,21523,21524
563,2043,416,800112,21523,21524
564,2043,463,800112,21523,21524
565,2043,397,800112,21523,21524
566,2043,462,800112,21523,21524
567,2043,396,800112,21523,21524
568,2043,461,800112,21523,21524
569,2043,395,800112,21523,21524
570,2043,460,800112,21523,21524
571,2043,394,800112,21523,21524
572,2043,459,800112,21523,21524
573,2044,482,800114,21570,21571
574,2044,416,800114,21570,21571
575,2044,463,800114,21570,21571
576,2044,397,800114,21570,21571
577,2044,462,800114,21570,21571
578,2044,396,800114,21570,21571
579,2044,461,800114,21570,21571
580,2044,395,800114,21570,21571
581,2044,460,800114,21570,21571
582,2044,394,800114,21570,21571
583,2044,459,800114,21570,21571
584,2045,482,800116,21617,21618
585,2045,416,800116,21617,21618
586,2045,463,800116,21617,21618
587,2045,397,800116,21617,21618
588,2045,462,800116,21617,21618
589,2045,396,800116,21617,21618
590,2045,461,800116,21617,21618
591,2045,395,800116,21617,21618
592,2045,460,800116,21617,21618
593,2045,394,800116,21617,21618
594,2021,482,800118,21659,21660
595,2021,416,800118,21659,21660
596,2021,463,800118,21659,21660
597,2021,397,800118,21659,21660
598,2021,462,800118,21659,21660
599,2021,396,800118,21659,21660
600,2021,461,800118,21659,21660
601,2021,395,800118,21659,21660
602,2021,460,800118,21659,21660
603,2021,394,800118,21659,21660
604,2021,482,800120,21701,21702
605,2021,416,800120,21701,21702
606,2021,463,800120,21701,21702
607,2021,397,800120,21701,21702
608,2021,462,800120,21701,21702
609,2021,396,800120,21701,21702
610,2021,461,800120,21701,21702
611,2021,395,800120,21701,21702
612,2021,460,800120,21701,21702
613,2021,394,800120,21701,21702
614,2046,482,800122,21743,21744
615,2046,416,800122,21743,21744
616,2046,463,800122,21743,21744
617,2046,397,800122,21743,21744
618,2046,462,800122,21743,21744
619,2046,396,800122,21743,21744
620,2046,461,800122,21743,21744
621,2046,395,800122,21743,21744
622,2046,460,800122,21743,21744
623,2046,394,800122,21743,21744
624,2046,482,800124,21785,21786
625,2046,416,800124,21785,21786
626,2046,463,800124,21785,21786
627,2046,397,800124,21785,21786
628,2046,462,800124,21785,21786
629,2046,396,800124,21785,21786
630,2046,461,800124,21785,21786
631,2046,395,800124,21785,21786
632,2046,460,800124,21785,21786
633,2046,394,800124,21785,21786
634,2005,482,800126,21827,21828
635,2005,416,800126,21827,21828
636,2005,463,800126,21827,21828
637,2005,397,800126,21827,21828
638,2005,462,800126,21827,21828
639,2005,396,800126,21827,21828
640,2005,461,800126,21827,21828
641,2005,395,800126,21827,21828
642,2005,460,800126,21827,21828
643,2005,394,800126,21827,21828
644,2005,459,800126,21827,21828
645,2005,393,800126,21827,21828
646,2013,482,800128,21879,21880
647,2013,416,800128,21879,21880
648,2013,463,800128,21879,21880
649,2013,397,800128,21879,21880
650,2013,462,800128,21879,21880
651,2013,396,800128,21879,21880
652,2013,461,800128,21879,21880
653,2013,395,800128,21879,21880
654,2013,460,800128,21879,21880
655,2013,394,800128,21879,21880
656,2013,482,800130,21921,21922
657,2013,416,800130,21921,21922
658,2013,463,800130,21921,21922
659,2013,397,800130,21921,21922
660,2013,462,800130,21921,21922
661,2013,396,800130,21921,21922
662,2013,461,800130,21921,21922
663,2013,395,800130,21921,21922
664,2013,460,800130,21921,21922
665,2013,394,800130,21921,21922
666,2013,482,800132,21963,21964
667,2013,416,800132,21963,21964
668,2013,463,800132,21963,21964
669,2013,397,800132,21963,21964
670,2013,462,800132,21963,21964
671,2013,396,800132,21963,21964
672,2013,461,800132,21963,21964
673,2013,395,800132,21963,21964
674,2013,460,800132,21963,21964
675,2013,394,800132,21963,21964
676,2014,482,800134,22005,22006
677,2014,416,800134,22005,22006
678,2014,461,800134,22005,22006
679,2014,395,800134,22005,22006
680,2014,460,800134,22005,22006
681,2014,394,800134,22005,22006
682,2014,482,800136,22027,22028
683,2014,416,800136,22027,22028
684,2014,461,800136,22027,22028
685,2014,395,800136,22027,22028
686,2014,460,800136,22027,22028
687,2014,394,800136,22027,22028
688,2014,482,800138,22049,22050
689,2014,416,800138,22049,22050
690,2014,461,800138,22049,22050
691,2014,395,800138,22049,22050
692,2014,460,800138,22049,22050
693,2014,394,800138,22049,22050
694,2019,482,800140,22071,22072
695,2019,416,800140,22071,22072
696,2019,462,800140,22071,22072
697,2019,396,800140,22071,22072
698,2019,461,800140,22071,22072
699,2019,395,800140,22071,22072
700,2019,460,800140,22071,22072
701,2019,394,800140,22071,22072
702,2019,389,800140,22071,22072
703,2019,390,800140,22071,22072
704,2019,482,800142,22082,22083
705,2019,416,800142,22082,22083
706,2019,462,800142,22082,22083
707,2019,396,800142,22082,22083
708,2019,461,800142,22082,22083
709,2019,395,800142,22082,22083
710,2019,460,800142,22082,22083
711,2019,394,800142,22082,22083
712,2019,389,800142,22082,22083
713,2019,390,800142,22082,22083
714,2036,482,800144,22110,22111
715,2036,416,800144,22110,22111
716,2036,462,800144,22110,22111
717,2036,396,800144,22110,22111
718,2036,461,800144,22110,22111
719,2036,395,800144,22110,22111
720,2036,460,800144,22110,22111
721,2036,394,800144,22110,22111
722,2036,458,800144,22110,22111
723,2036,392,800144,22110,22111
724,2036,482,800146,22147,22148
725,2036,416,800146,22147,22148
726,2036,462,800146,22147,22148
727,2036,396,800146,22147,22148
728,2036,461,800146,22147,22148
729,2036,395,800146,22147,22148
730,2036,460,800146,22147,22148
731,2036,394,800146,22147,22148
732,2036,458,800146,22147,22148
733,2036,392,800146,22147,22148
734,2035,482,800148,22181,22182
735,2035,416,800148,22181,22182
736,2035,463,800148,22181,22182
737,2035,397,800148,22181,22182
738,2035,462,800148,22181,22182
739,2035,396,800148,22181,22182
740,2035,461,800148,22181,22182
741,2035,395,800148,22181,22182
742,2035,460,800148,22181,22182
743,2035,394,800148,22181,22182
744,2035,392,800148,22181,22182
745,2009,482,800150,22224,22225
746,2009,416,800150,22224,22225
747,2009,463,800150,22224,22225
748,2009,397,800150,22224,22225
749,2009,462,800150,22224,22225
750,2009,396,800150,22224,22225
751,2009,461,800150,22224,22225
752,2009,395,800150,22224,22225
753,2009,460,800150,22224,22225
754,2009,394,800150,22224,22225
755,2009,459,800150,22224,22225
756,2009,393,800150,22224,22225
757,2049,482,800152,22276,22277
758,2049,416,800152,22276,22277
759,2049,463,800152,22276,22277
760,2049,397,800152,22276,22277
761,2049,462,800152,22276,22277
762,2049,396,800152,22276,22277
763,2049,461,800152,22276,22277
764,2049,395,800152,22276,22277
765,2049,460,800152,22276,22277
766,2049,394,800152,22276,22277
767,2049,459,800152,22276,22277
768,2049,393,800152,22276,22277
769,2023,482,800154,22328,22329
770,2023,416,800154,22328,22329
771,2023,460,800154,22328,22329
772,2023,394,800154,22328,22329
773,2023,482,800156,22340,22341
774,2023,416,800156,22340,22341
775,2023,460,800156,22340,22341
776,2023,394,800156,22340,22341
777,2008,482,800158,22352,22353
778,2008,416,800158,22352,22353
779,2008,463,800158,22352,22353
780,2008,460,800158,22352,22353
781,2008,394,800158,22352,22353
782,2008,459,800158,22352,22353
783,2008,393,800158,22352,22353
784,2022,482,800160,22375,22376
785,2022,416,800160,22375,22376
786,2022,463,800160,22375,22376
787,2022,397,800160,22375,22376
788,2020,482,800162,22387,22388
789,2020,416,800162,22387,22388
790,2020,463,800162,22387,22388
791,2020,397,800162,22387,22388
792,2020,462,800162,22387,22388
793,2020,396,800162,22387,22388
794,2020,461,800162,22387,22388
795,2020,395,800162,22387,22388
796,2020,460,800162,22387,22388
797,2020,394,800162,22387,22388
798,2020,401,800162,22387,22388
799,2020,400,800162,22387,22388
800,2020,399,800162,22387,22388
801,2020,405,800162,22387,22388
802,2020,404,800162,22387,22388
803,2020,403,800162,22387,22388
804,2020,402,800162,22387,22388
805,2020,408,800162,22387,22388
806,2020,482,800164,22437,22438
807,2020,463,800164,22437,22438
808,2020,397,800164,22437,22438
809,2020,462,800164,22437,22438
810,2020,396,800164,22437,22438
811,2020,461,800164,22437,22438
812,2020,395,800164,22437,22438
813,2020,460,800164,22437,22438
814,2020,394,800164,22437,22438
815,2020,401,800164,22437,22438
816,2020,400,800164,22437,22438
817,2020,399,800164,22437,22438
818,2020,405,800164,22437,22438
819,2020,404,800164,22437,22438
820,2020,403,800164,22437,22438
821,2020,408,800164,22437,22438
822,6094,486,800166,22457,22458
823,6094,420,800166,22457,22458
824,6094,475,800166,22457,22458
825,6094,409,800166,22457,22458
826,6094,476,800166,22457,22458
827,6094,410,800166,22457,22458
828,6094,477,800166,22457,22458
829,6094,411,800166,22457,22458
830,6094,478,800166,22457,22458
831,6094,412,800166,22457,22458
832,6094,479,800166,22457,22458
833,6094,413,800166,22457,22458
834,6094,486,800168,22475,22476
835,6094,420,800168,22475,22476
836,6094,475,800168,22475,22476
837,6094,409,800168,22475,22476
838,6094,476,800168,22475,22476
839,6094,410,800168,22475,22476
840,6094,477,800168,22475,22476
841,6094,411,800168,22475,22476
842,6094,478,800168,22475,22476
843,6094,412,800168,22475,22476
844,6094,486,800388,22491,22492
845,6094,420,800388,22491,22492
846,6094,475,800388,22491,22492
847,6094,409,800388,22491,22492
848,6094,476,800388,22491,22492
849,6094,410,800388,22491,22492
850,6094,477,800388,22491,22492
851,6094,411,800388,22491,22492
852,6094,478,800388,22491,22492
853,6094,412,800388,22491,22492
854,6005,486,800170,22533,22534
855,6005,420,800170,22533,22534
856,6005,475,800170,22533,22534
857,6005,409,800170,22533,22534
858,6005,476,800170,22533,22534
859,6005,410,800170,22533,22534
860,6005,477,800170,22533,22534
861,6005,411,800170,22533,22534
862,6005,389,800170,22533,22534
863,6005,406,800170,22533,22534
864,6005,408,800170,22533,22534
865,6005,409,800171,,
866,6005,486,800172,22545,22546
867,6005,420,800172,22545,22546
868,6005,475,800172,22545,22546
869,6005,409,800172,22545,22546
870,6005,476,800172,22545,22546
871,6005,410,800172,22545,22546
872,6005,477,800172,22545,22546
873,6005,411,800172,22545,22546
874,6005,478,800172,22545,22546
875,6005,412,800172,22545,22546
876,6005,479,800172,22545,22546
877,6005,413,800172,22545,22546
878,6005,486,800390,22559,22560
879,6005,420,800390,22559,22560
880,6005,475,800390,22559,22560
881,6005,409,800390,22559,22560
882,6005,476,800390,22559,22560
883,6005,410,800390,22559,22560
884,6005,477,800390,22559,22560
885,6005,411,800390,22559,22560
886,6005,478,800390,22559,22560
887,6005,412,800390,22559,22560
888,6005,479,800390,22559,22560
889,6005,413,800390,22559,22560
890,6008,486,800174,22603,22604
891,6008,420,800174,22603,22604
892,6008,475,800174,22603,22604
893,6008,409,800174,22603,22604
894,6008,476,800174,22603,22604
895,6008,410,800174,22603,22604
896,6008,477,800174,22603,22604
897,6008,411,800174,22603,22604
898,6008,478,800174,22603,22604
899,6008,412,800174,22603,22604
900,6008,479,800174,22603,22604
901,6008,413,800174,22603,22604
902,6008,480,800174,22603,22604
903,6008,414,800174,22603,22604
904,6008,486,800396,22665,22666
905,6008,420,800396,22665,22666
906,6008,475,800396,22665,22666
907,6008,409,800396,22665,22666
908,6008,476,800396,22665,22666
909,6008,410,800396,22665,22666
910,6008,477,800396,22665,22666
911,6008,411,800396,22665,22666
912,6008,478,800396,22665,22666
913,6008,412,800396,22665,22666
914,6008,479,800396,22665,22666
915,6008,413,800396,22665,22666
916,6008,480,800396,22665,22666
917,6008,414,800396,22665,22666
918,6019,486,800176,22727,22728
919,6019,420,800176,22727,22728
920,6019,475,800176,22727,22728
921,6019,409,800176,22727,22728
922,6019,476,800176,22727,22728
923,6019,410,800176,22727,22728
924,6019,477,800176,22727,22728
925,6019,411,800176,22727,22728
926,6019,478,800176,22727,22728
927,6019,412,800176,22727,22728
928,6003,486,800178,22769,22770
929,6003,420,800178,22769,22770
930,6003,475,800178,22769,22770
931,6003,409,800178,22769,22770
932,6003,476,800178,22769,22770
933,6003,410,800178,22769,22770
934,6003,477,800178,22769,22770
935,6003,411,800178,22769,22770
936,6003,478,800178,22769,22770
937,6003,412,800178,22769,22770
938,6003,479,800178,22769,22770
939,6003,413,800178,22769,22770
940,6003,480,800178,22769,22770
941,6003,414,800178,22769,22770
942,6003,389,800178,22769,22770
943,6003,393,800178,22769,22770
944,6003,398,800178,22769,22770
945,6003,406,800178,22769,22770
946,6003,407,800178,22769,22770
947,6003,408,800178,22769,22770
948,6003,486,800402,22837,22838
949,6003,420,800402,22837,22838
950,6003,475,800402,22837,22838
951,6003,409,800402,22837,22838
952,6003,476,800402,22837,22838
953,6003,410,800402,22837,22838
954,6003,477,800402,22837,22838
955,6003,411,800402,22837,22838
956,6003,478,800402,22837,22838
957,6003,412,800402,22837,22838
958,6003,479,800402,22837,22838
959,6003,413,800402,22837,22838
960,6003,480,800402,22837,22838
961,6003,414,800402,22837,22838
962,6003,486,800404,22899,22900
963,6003,420,800404,22899,22900
964,6003,475,800404,22899,22900
965,6003,409,800404,22899,22900
966,6003,476,800404,22899,22900
967,6003,410,800404,22899,22900
968,6003,477,800404,22899,22900
969,6003,411,800404,22899,22900
970,6003,478,800404,22899,22900
971,6003,412,800404,22899,22900
972,6003,479,800404,22899,22900
973,6003,413,800404,22899,22900
974,6003,480,800404,22899,22900
975,6003,414,800404,22899,22900
976,6082,486,800180,22961,22962
977,6082,420,800180,22961,22962
978,6082,475,800180,22961,22962
979,6082,409,800180,22961,22962
980,6082,476,800180,22961,22962
981,6082,410,800180,22961,22962
982,6082,477,800180,22961,22962
983,6082,411,800180,22961,22962
984,6082,478,800180,22961,22962
985,6082,412,800180,22961,22962
986,6082,389,800180,22961,22962
987,6082,406,800180,22961,22962
988,6082,407,800180,22961,22962
989,6082,408,800180,22961,22962
990,6082,486,800182,22985,22986
991,6082,420,800182,22985,22986
992,6082,475,800182,22985,22986
993,6082,409,800182,22985,22986
994,6082,476,800182,22985,22986
995,6082,410,800182,22985,22986
996,6082,477,800182,22985,22986
997,6082,411,800182,22985,22986
998,6082,478,800182,22985,22986
999,6082,412,800182,22985,22986
1000,6082,479,800182,22985,22986
1001,6082,413,800182,22985,22986
1002,6082,486,800398,23003,23004
1003,6082,420,800398,23003,23004
1004,6082,475,800398,23003,23004
1005,6082,409,800398,23003,23004
1006,6082,476,800398,23003,23004
1007,6082,410,800398,23003,23004
1008,6082,477,800398,23003,23004
1009,6082,411,800398,23003,23004
1010,6082,478,800398,23003,23004
1011,6082,412,800398,23003,23004
1012,6025,486,800184,23037,23038
1013,6025,420,800184,23037,23038
1014,6025,475,800184,23037,23038
1015,6025,409,800184,23037,23038
1016,6025,476,800184,23037,23038
1017,6025,410,800184,23037,23038
1018,6025,477,800184,23037,23038
1019,6025,411,800184,23037,23038
1020,6025,478,800184,23037,23038
1021,6025,412,800184,23037,23038
1022,6025,479,800184,23037,23038
1023,6025,413,800184,23037,23038
1024,6025,486,800186,23069,23070
1025,6025,420,800186,23069,23070
1026,6025,475,800186,23069,23070
1027,6025,409,800186,23069,23070
1028,6025,476,800186,23069,23070
1029,6025,410,800186,23069,23070
1030,6025,477,800186,23069,23070
1031,6025,411,800186,23069,23070
1032,6025,478,800186,23069,23070
1033,6025,412,800186,23069,23070
1034,6025,479,800186,23069,23070
1035,6025,413,800186,23069,23070
1036,6017,486,800188,23093,23094
1037,6017,420,800188,23093,23094
1038,6017,475,800188,23093,23094
1039,6017,409,800188,23093,23094
1040,6017,476,800188,23093,23094
1041,6017,410,800188,23093,23094
1042,6017,477,800188,23093,23094
1043,6017,411,800188,23093,23094
1044,6017,478,800188,23093,23094
1045,6017,412,800188,23093,23094
1046,6017,479,800188,23093,23094
1047,6017,413,800188,23093,23094
1048,6017,480,800188,23093,23094
1049,6017,414,800188,23093,23094
1050,6017,402,800188,23093,23094
1051,6017,406,800188,23093,23094
1052,6017,486,800190,23121,23122
1053,6017,420,800190,23121,23122
1054,6017,475,800190,23121,23122
1055,6017,409,800190,23121,23122
1056,6017,476,800190,23121,23122
1057,6017,410,800190,23121,23122
1058,6017,477,800190,23121,23122
1059,6017,411,800190,23121,23122
1060,6017,478,800190,23121,23122
1061,6017,412,800190,23121,23122
1062,6017,479,800190,23121,23122
1063,6017,413,800190,23121,23122
1064,6017,480,800190,23121,23122
1065,6017,414,800190,23121,23122
1066,6017,486,800406,23147,23148
1067,6017,420,800406,23147,23148
1068,6017,475,800406,23147,23148
1069,6017,409,800406,23147,23148
1070,6017,476,800406,23147,23148
1071,6017,410,800406,23147,23148
1072,6017,477,800406,23147,23148
1073,6017,411,800406,23147,23148
1074,6017,478,800406,23147,23148
1075,6017,412,800406,23147,23148
1076,6017,479,800406,23147,23148
1077,6017,413,800406,23147,23148
1078,6017,480,800406,23147,23148
1079,6017,414,800406,23147,23148
1080,6007,486,800192,23209,23210
1081,6007,420,800192,23209,23210
1082,6007,475,800192,23209,23210
1083,6007,409,800192,23209,23210
1084,6007,476,800192,23209,23210
1085,6007,410,800192,23209,23210
1086,6007,477,800192,23209,23210
1087,6007,411,800192,23209,23210
1088,6007,478,800192,23209,23210
1089,6007,412,800192,23209,23210
1090,6007,479,800192,23209,23210
1091,6007,413,800192,23209,23210
1092,6006,486,800194,23261,23262
1093,6006,420,800194,23261,23262
1094,6006,475,800194,23261,23262
1095,6006,409,800194,23261,23262
1096,6006,476,800194,23261,23262
1097,6006,410,800194,23261,23262
1098,6006,477,800194,23261,23262
1099,6006,411,800194,23261,23262
1100,6006,478,800194,23261,23262
1101,6006,412,800194,23261,23262
1102,6024,486,800196,23303,23304
1103,6024,420,800196,23303,23304
1104,6024,475,800196,23303,23304
1105,6024,409,800196,23303,23304
1106,6024,476,800196,23303,23304
1107,6024,410,800196,23303,23304
1108,6024,477,800196,23303,23304
1109,6024,411,800196,23303,23304
1110,6024,478,800196,23303,23304
1111,6024,412,800196,23303,23304
1112,6092,486,800198,23345,23346
1113,6092,420,800198,23345,23346
1114,6092,475,800198,23345,23346
1115,6092,409,800198,23345,23346
1116,6092,476,800198,23345,23346
1117,6092,410,800198,23345,23346
1118,6092,477,800198,23345,23346
1119,6092,411,800198,23345,23346
1120,6092,478,800198,23345,23346
1121,6092,412,800198,23345,23346
1122,6092,402,800198,23345,23346
1123,6092,406,800198,23345,23346
1124,6018,486,800200,23389,23390
1125,6018,420,800200,23389,23390
1126,6018,475,800200,23389,23390
1127,6018,409,800200,23389,23390
1128,6018,476,800200,23389,23390
1129,6018,410,800200,23389,23390
1130,6018,477,800200,23389,23390
1131,6018,411,800200,23389,23390
1132,6018,478,800200,23389,23390
1133,6018,412,800200,23389,23390
1134,6018,479,800200,23389,23390
1135,6018,413,800200,23389,23390
1136,6018,480,800200,23389,23390
1137,6018,414,800200,23389,23390
1138,6095,486,800202,23427,23428
1139,6095,420,800202,23427,23428
1140,6095,475,800202,23427,23428
1141,6095,409,800202,23427,23428
1142,6095,476,800202,23427,23428
1143,6095,410,800202,23427,23428
1144,6095,477,800202,23427,23428
1145,6095,411,800202,23427,23428
1146,6095,478,800202,23427,23428
1147,6095,412,800202,23427,23428
1148,6095,479,800202,23427,23428
1149,6095,413,800202,23427,23428
1150,6095,480,800202,23427,23428
1151,6095,414,800202,23427,23428
1152,6095,486,800204,23465,23466
1153,6095,420,800204,23465,23466
1154,6095,475,800204,23465,23466
1155,6095,409,800204,23465,23466
1156,6095,476,800204,23465,23466
1157,6095,410,800204,23465,23466
1158,6095,477,800204,23465,23466
1159,6095,411,800204,23465,23466
1160,6095,478,800204,23465,23466
1161,6095,412,800204,23465,23466
1162,6095,479,800204,23465,23466
1163,6095,413,800204,23465,23466
1164,6095,480,800204,23465,23466
1165,6095,414,800204,23465,23466
1166,6095,486,800400,23504,23505
1167,6095,420,800400,23504,23505
1168,6095,475,800400,23504,23505
1169,6095,409,800400,23504,23505
1170,6095,476,800400,23504,23505
1171,6095,410,800400,23504,23505
1172,6095,477,800400,23504,23505
1173,6095,411,800400,23504,23505
1174,6095,478,800400,23504,23505
1175,6095,412,800400,23504,23505
1176,6095,479,800400,23504,23505
1177,6095,413,800400,23504,23505
1178,6095,480,800400,23504,23505
1179,6095,414,800400,23504,23505
1180,6085,486,800206,23566,23567
1181,6085,420,800206,23566,23567
1182,6085,475,800206,23566,23567
1183,6085,409,800206,23566,23567
1184,6085,476,800206,23566,23567
1185,6085,410,800206,23566,23567
1186,6085,477,800206,23566,23567
1187,6085,411,800206,23566,23567
1188,6085,478,800206,23566,23567
1189,6085,412,800206,23566,23567
1190,6085,479,800206,23566,23567
1191,6085,413,800206,23566,23567
1192,6085,480,800206,23566,23567
1193,6085,414,800206,23566,23567
1194,6085,389,800206,23566,23567
1195,6086,486,800208,23629,23630
1196,6086,420,800208,23629,23630
1197,6086,475,800208,23629,23630
1198,6086,409,800208,23629,23630
1199,6086,476,800208,23629,23630
1200,6086,410,800208,23629,23630
1201,6086,477,800208,23629,23630
1202,6086,411,800208,23629,23630
1203,6086,478,800208,23629,23630
1204,6086,412,800208,23629,23630
1205,6086,479,800208,23629,23630
1206,6086,413,800208,23629,23630
1207,6086,480,800208,23629,23630
1208,6086,414,800208,23629,23630
1209,6086,406,800208,23629,23630
1210,6086,407,800208,23629,23630
1211,6086,408,800208,23629,23630
1212,6086,486,800210,23670,23671
1213,6086,420,800210,23670,23671
1214,6086,475,800210,23670,23671
1215,6086,409,800210,23670,23671
1216,6086,476,800210,23670,23671
1217,6086,410,800210,23670,23671
1218,6086,477,800210,23670,23671
1219,6086,411,800210,23670,23671
1220,6086,478,800210,23670,23671
1221,6086,412,800210,23670,23671
1222,6086,479,800210,23670,23671
1223,6086,413,800210,23670,23671
1224,6086,480,800210,23670,23671
1225,6086,414,800210,23670,23671
1226,6086,486,800414,23696,23697
1227,6086,420,800414,23696,23697
1228,6086,475,800414,23696,23697
1229,6086,409,800414,23696,23697
1230,6086,476,800414,23696,23697
1231,6086,410,800414,23696,23697
1232,6086,477,800414,23696,23697
1233,6086,411,800414,23696,23697
1234,6086,478,800414,23696,23697
1235,6086,412,800414,23696,23697
1236,6086,479,800414,23696,23697
1237,6086,413,800414,23696,23697
1238,6086,480,800414,23696,23697
1239,6086,414,800414,23696,23697
1240,6086,486,800416,23758,23759
1241,6086,420,800416,23758,23759
1242,6086,475,800416,23758,23759
1243,6086,409,800416,23758,23759
1244,6086,476,800416,23758,23759
1245,6086,410,800416,23758,23759
1246,6086,477,800416,23758,23759
1247,6086,411,800416,23758,23759
1248,6086,478,800416,23758,23759
1249,6086,412,800416,23758,23759
1250,6086,479,800416,23758,23759
1251,6086,413,800416,23758,23759
1252,6086,480,800416,23758,23759
1253,6086,414,800416,23758,23759
1254,6086,486,800418,23820,23821
1255,6086,420,800418,23820,23821
1256,6086,475,800418,23820,23821
1257,6086,409,800418,23820,23821
1258,6086,476,800418,23820,23821
1259,6086,410,800418,23820,23821
1260,6086,477,800418,23820,23821
1261,6086,411,800418,23820,23821
1262,6086,478,800418,23820,23821
1263,6086,412,800418,23820,23821
1264,6086,479,800418,23820,23821
1265,6086,413,800418,23820,23821
1266,6086,480,800418,23820,23821
1267,6086,414,800418,23820,23821
1268,6033,486,800212,23882,23883
1269,6033,420,800212,23882,23883
1270,6033,475,800212,23882,23883
1271,6033,409,800212,23882,23883
1272,6033,476,800212,23882,23883
1273,6033,410,800212,23882,23883
1274,6033,477,800212,23882,23883
1275,6033,411,800212,23882,23883
1276,6033,478,800212,23882,23883
1277,6033,412,800212,23882,23883
1278,6033,479,800212,23882,23883
1279,6033,413,800212,23882,23883
1280,6033,480,800212,23882,23883
1281,6033,414,800212,23882,23883
1282,6033,486,800214,23908,23909
1283,6033,420,800214,23908,23909
1284,6033,475,800214,23908,23909
1285,6033,409,800214,23908,23909
1286,6033,476,800214,23908,23909
1287,6033,410,800214,23908,23909
1288,6033,477,800214,23908,23909
1289,6033,411,800214,23908,23909
1290,6033,478,800214,23908,23909
1291,6033,412,800214,23908,23909
1292,6033,479,800214,23908,23909
1293,6033,413,800214,23908,23909
1294,6033,480,800214,23908,23909
1295,6033,414,800214,23908,23909
1296,6033,486,800392,23935,23936
1297,6033,420,800392,23935,23936
1298,6033,475,800392,23935,23936
1299,6033,409,800392,23935,23936
1300,6033,476,800392,23935,23936
1301,6033,410,800392,23935,23936
1302,6033,477,800392,23935,23936
1303,6033,411,800392,23935,23936
1304,6033,478,800392,23935,23936
1305,6033,412,800392,23935,23936
1306,6033,479,800392,23935,23936
1307,6033,413,800392,23935,23936
1308,6033,480,800392,23935,23936
1309,6033,414,800392,23935,23936
1310,6021,486,800216,23997,23998
1311,6021,420,800216,23997,23998
1312,6021,475,800216,23997,23998
1313,6021,409,800216,23997,23998
1314,6021,476,800216,23997,23998
1315,6021,410,800216,23997,23998
1316,6021,477,800216,23997,23998
1317,6021,411,800216,23997,23998
1318,6021,478,800216,23997,23998
1319,6021,412,800216,23997,23998
1320,6021,479,800216,23997,23998
1321,6021,413,800216,23997,23998
1322,6021,480,800216,23997,23998
1323,6021,414,800216,23997,23998
1324,6021,486,800420,24059,24060
1325,6021,420,800420,24059,24060
1326,6021,475,800420,24059,24060
1327,6021,409,800420,24059,24060
1328,6021,476,800420,24059,24060
1329,6021,410,800420,24059,24060
1330,6021,477,800420,24059,24060
1331,6021,411,800420,24059,24060
1332,6021,478,800420,24059,24060
1333,6021,412,800420,24059,24060
1334,6021,479,800420,24059,24060
1335,6021,413,800420,24059,24060
1336,6021,480,800420,24059,24060
1337,6021,414,800420,24059,24060
1338,6021,486,800422,24121,24122
1339,6021,420,800422,24121,24122
1340,6021,475,800422,24121,24122
1341,6021,409,800422,24121,24122
1342,6021,476,800422,24121,24122
1343,6021,410,800422,24121,24122
1344,6021,477,800422,24121,24122
1345,6021,411,800422,24121,24122
1346,6021,478,800422,24121,24122
1347,6021,412,800422,24121,24122
1348,6021,479,800422,24121,24122
1349,6021,413,800422,24121,24122
1350,6021,480,800422,24121,24122
1351,6021,414,800422,24121,24122
1352,6021,486,800424,24183,24184
1353,6021,420,800424,24183,24184
1354,6021,475,800424,24183,24184
1355,6021,409,800424,24183,24184
1356,6021,476,800424,24183,24184
1357,6021,410,800424,24183,24184
1358,6021,477,800424,24183,24184
1359,6021,411,800424,24183,24184
1360,6021,478,800424,24183,24184
1361,6021,412,800424,24183,24184
1362,6021,479,800424,24183,24184
1363,6021,413,800424,24183,24184
1364,6021,480,800424,24183,24184
1365,6021,414,800424,24183,24184
1366,6021,486,800426,24245,24246
1367,6021,420,800426,24245,24246
1368,6021,475,800426,24245,24246
1369,6021,409,800426,24245,24246
1370,6021,476,800426,24245,24246
1371,6021,410,800426,24245,24246
1372,6021,477,800426,24245,24246
1373,6021,411,800426,24245,24246
1374,6021,478,800426,24245,24246
1375,6021,412,800426,24245,24246
1376,6021,479,800426,24245,24246
1377,6021,413,800426,24245,24246
1378,6021,480,800426,24245,24246
1379,6021,414,800426,24245,24246
1380,6002,486,800218,24307,24308
1381,6002,420,800218,24307,24308
1382,6002,475,800218,24307,24308
1383,6002,409,800218,24307,24308
1384,6002,476,800218,24307,24308
1385,6002,410,800218,24307,24308
1386,6002,477,800218,24307,24308
1387,6002,411,800218,24307,24308
1388,6002,478,800218,24307,24308
1389,6002,412,800218,24307,24308
1390,6002,479,800218,24307,24308
1391,6002,413,800218,24307,24308
1392,6002,480,800218,24307,24308
1393,6002,414,800218,24307,24308
1394,6002,389,800218,24307,24308
1395,6002,390,800218,24307,24308
1396,6002,406,800218,24307,24308
1397,6002,408,800218,24307,24308
1398,6002,486,800428,24373,24374
1399,6002,420,800428,24373,24374
1400,6002,475,800428,24373,24374
1401,6002,409,800428,24373,24374
1402,6002,476,800428,24373,24374
1403,6002,410,800428,24373,24374
1404,6002,477,800428,24373,24374
1405,6002,411,800428,24373,24374
1406,6002,478,800428,24373,24374
1407,6002,412,800428,24373,24374
1408,6002,479,800428,24373,24374
1409,6002,413,800428,24373,24374
1410,6002,480,800428,24373,24374
1411,6002,414,800428,24373,24374
1412,6023,486,800220,24424,24425
1413,6023,420,800220,24424,24425
1414,6023,475,800220,24424,24425
1415,6023,409,800220,24424,24425
1416,6023,476,800220,24424,24425
1417,6023,410,800220,24424,24425
1418,6023,477,800220,24424,24425
1419,6023,411,800220,24424,24425
1420,6023,478,800220,24424,24425
1421,6023,412,800220,24424,24425
1422,6023,479,800220,24424,24425
1423,6023,413,800220,24424,24425
1424,6052,486,800222,24476,24477
1425,6052,420,800222,24476,24477
1426,6052,479,800222,24476,24477
1427,6052,413,800222,24476,24477
1428,6052,480,800222,24476,24477
1429,6052,414,800222,24476,24477
1430,6052,486,800394,24498,24499
1431,6052,420,800394,24498,24499
1432,6052,479,800394,24498,24499
1433,6052,413,800394,24498,24499
1434,6052,480,800394,24498,24499
1435,6052,414,800394,24498,24499
1436,6078,486,800224,24520,24521
1437,6078,420,800224,24520,24521
1438,6078,475,800224,24520,24521
1439,6078,409,800224,24520,24521
1440,6078,476,800224,24520,24521
1441,6078,410,800224,24520,24521
1442,6078,477,800224,24520,24521
1443,6078,411,800224,24520,24521
1444,6078,478,800224,24520,24521
1445,6078,412,800224,24520,24521
1446,6078,479,800224,24520,24521
1447,6078,413,800224,24520,24521
1448,6078,480,800224,24520,24521
1449,6078,414,800224,24520,24521
1450,6048,486,800226,24582,24583
1451,6048,420,800226,24582,24583
1452,6048,475,800226,24582,24583
1453,6048,409,800226,24582,24583
1454,6048,476,800226,24582,24583
1455,6048,410,800226,24582,24583
1456,6096,486,800228,24604,24605
1457,6096,420,800228,24604,24605
1458,6096,475,800228,24604,24605
1459,6096,409,800228,24604,24605
1460,6096,476,800228,24604,24605
1461,6096,410,800228,24604,24605
1462,6096,477,800228,24604,24605
1463,6096,411,800228,24604,24605
1464,6040,486,800230,24636,24637
1465,6040,420,800230,24636,24637
1466,6040,475,800230,24636,24637
1467,6040,409,800230,24636,24637
1468,6040,476,800230,24636,24637
1469,6040,410,800230,24636,24637
1470,6040,477,800230,24636,24637
1471,6040,411,800230,24636,24637
1472,6040,486,800408,24668,24669
1473,6040,420,800408,24668,24669
1474,6040,475,800408,24668,24669
1475,6040,409,800408,24668,24669
1476,6040,476,800408,24668,24669
1477,6040,410,800408,24668,24669
1478,6040,477,800408,24668,24669
1479,6040,411,800408,24668,24669
1480,6040,486,800432,24695,24696
1481,6040,420,800432,24695,24696
1482,6040,475,800432,24695,24696
1483,6040,409,800432,24695,24696
1484,6040,476,800432,24695,24696
1485,6040,410,800432,24695,24696
1486,6040,477,800432,24695,24696
1487,6040,411,800432,24695,24696
1488,6038,486,800410,24727,24728
1489,6038,420,800410,24727,24728
1490,6038,475,800410,24727,24728
1491,6038,409,800410,24727,24728
1492,6038,476,800410,24727,24728
1493,6038,410,800410,24727,24728
1494,6038,477,800410,24727,24728
1495,6038,411,800410,24727,24728
1496,6053,486,800412,24759,24760
1497,6053,420,800412,24759,24760
1498,6053,475,800412,24759,24760
1499,6053,409,800412,24759,24760
1500,6053,476,800412,24759,24760
1501,6053,410,800412,24759,24760
1502,6053,486,800430,24781,24782
1503,6053,420,800430,24781,24782
1504,6053,475,800430,24781,24782
1505,6053,409,800430,24781,24782
1506,6053,476,800430,24781,24782
1507,6053,410,800430,24781,24782
1508,4036,484,800232,24803,24804
1509,4036,418,800232,24803,24804
1510,4036,471,800232,24803,24804
1511,4036,405,800232,24803,24804
1512,4036,470,800232,24803,24804
1513,4036,404,800232,24803,24804
1514,4036,469,800232,24803,24804
1515,4036,403,800232,24803,24804
1516,4036,468,800232,24803,24804
1517,4036,484,800234,24826,24827
1518,4036,418,800234,24826,24827
1519,4036,471,800234,24826,24827
1520,4036,405,800234,24826,24827
1521,4036,470,800234,24826,24827
1522,4036,404,800234,24826,24827
1523,4036,469,800234,24826,24827
1524,4036,403,800234,24826,24827
1525,4036,468,800234,24826,24827
1526,4036,484,800236,24849,24850
1527,4036,418,800236,24849,24850
1528,4036,471,800236,24849,24850
1529,4036,405,800236,24849,24850
1530,4036,470,800236,24849,24850
1531,4036,404,800236,24849,24850
1532,4036,469,800236,24849,24850
1533,4036,403,800236,24849,24850
1534,4036,468,800236,24849,24850
1535,4078,484,800238,24872,24873
1536,4078,418,800238,24872,24873
1537,4078,471,800238,24872,24873
1538,4078,405,800238,24872,24873
1539,4078,470,800238,24872,24873
1540,4078,404,800238,24872,24873
1541,4078,469,800238,24872,24873
1542,4078,403,800238,24872,24873
1543,4078,468,800238,24872,24873
1544,4078,484,800240,24895,24896
1545,4078,418,800240,24895,24896
1546,4078,471,800240,24895,24896
1547,4078,405,800240,24895,24896
1548,4078,470,800240,24895,24896
1549,4078,404,800240,24895,24896
1550,4078,469,800240,24895,24896
1551,4078,403,800240,24895,24896
1552,4078,468,800240,24895,24896
1553,4078,484,800242,24918,24919
1554,4078,418,800242,24918,24919
1555,4078,471,800242,24918,24919
1556,4078,405,800242,24918,24919
1557,4078,470,800242,24918,24919
1558,4078,404,800242,24918,24919
1559,4078,469,800242,24918,24919
1560,4078,403,800242,24918,24919
1561,4078,468,800242,24918,24919
1562,4078,484,800374,24941,24942
1563,4078,418,800374,24941,24942
1564,4078,471,800374,24941,24942
1565,4078,405,800374,24941,24942
1566,4078,470,800374,24941,24942
1567,4078,404,800374,24941,24942
1568,4078,469,800374,24941,24942
1569,4078,403,800374,24941,24942
1570,4078,468,800374,24941,24942
1571,4079,484,800244,24964,24965
1572,4079,418,800244,24964,24965
1573,4079,471,800244,24964,24965
1574,4079,405,800244,24964,24965
1575,4079,470,800244,24964,24965
1576,4079,404,800244,24964,24965
1577,4079,469,800244,24964,24965
1578,4079,403,800244,24964,24965
1579,4079,468,800244,24964,24965
1580,4079,402,800244,24964,24965
1581,4079,484,800246,24990,24991
1582,4079,418,800246,24990,24991
1583,4079,471,800246,24990,24991
1584,4079,405,800246,24990,24991
1585,4079,470,800246,24990,24991
1586,4079,404,800246,24990,24991
1587,4079,469,800246,24990,24991
1588,4079,403,800246,24990,24991
1589,4079,468,800246,24990,24991
1590,4080,484,800246,24990,24991
1591,4080,418,800246,24990,24991
1592,4080,471,800246,24990,24991
1593,4080,405,800246,24990,24991
1594,4080,470,800246,24990,24991
1595,4080,404,800246,24990,24991
1596,4080,469,800246,24990,24991
1597,4080,403,800246,24990,24991
1598,4080,484,800250,25035,25036
1599,4080,418,800250,25035,25036
1600,4080,471,800250,25035,25036
1601,4080,405,800250,25035,25036
1602,4080,470,800250,25035,25036
1603,4080,404,800250,25035,25036
1604,4080,469,800250,25035,25036
1605,4080,403,800250,25035,25036
1606,4080,484,800252,25055,25056
1607,4080,418,800252,25055,25056
1608,4080,471,800252,25055,25056
1609,4080,405,800252,25055,25056
1610,4080,470,800252,25055,25056
1611,4080,404,800252,25055,25056
1612,4080,469,800252,25055,25056
1613,4080,403,800252,25055,25056
1614,4081,484,800254,25075,25076
1615,4081,418,800254,25075,25076
1616,4081,471,800254,25075,25076
1617,4081,405,800254,25075,25076
1618,4081,470,800254,25075,25076
1619,4081,404,800254,25075,25076
1620,4081,469,800254,25075,25076
1621,4081,403,800254,25075,25076
1622,4081,484,800256,25107,25108
1623,4081,418,800256,25107,25108
1624,4081,471,800256,25107,25108
1625,4081,405,800256,25107,25108
1626,4081,470,800256,25107,25108
1627,4081,404,800256,25107,25108
1628,4081,469,800256,25107,25108
1629,4081,403,800256,25107,25108
1630,4012,484,800258,25139,25140
1631,4012,418,800258,25139,25140
1632,4012,468,800258,25139,25140
1633,4012,402,800258,25139,25140
1634,4012,484,800260,25151,25152
1635,4012,418,800260,25151,25152
1636,4012,468,800260,25151,25152
1637,4012,402,800260,25151,25152
1638,4069,484,800262,25163,25164
1639,4069,418,800262,25163,25164
1640,4069,471,800262,25163,25164
1641,4069,405,800262,25163,25164
1642,4069,470,800262,25163,25164
1643,4069,404,800262,25163,25164
1644,4069,469,800262,25163,25164
1645,4069,403,800262,25163,25164
1646,4069,468,800262,25163,25164
1647,4069,402,800262,25163,25164
1648,4069,484,800264,25189,25190
1649,4069,418,800264,25189,25190
1650,4069,471,800264,25189,25190
1651,4069,405,800264,25189,25190
1652,4069,470,800264,25189,25190
1653,4069,404,800264,25189,25190
1654,4069,469,800264,25189,25190
1655,4069,403,800264,25189,25190
1656,4069,468,800264,25189,25190
1657,4069,402,800264,25189,25190
1658,4069,484,800266,25215,25216
1659,4069,418,800266,25215,25216
1660,4069,471,800266,25215,25216
1661,4069,405,800266,25215,25216
1662,4069,470,800266,25215,25216
1663,4069,404,800266,25215,25216
1664,4069,469,800266,25215,25216
1665,4069,403,800266,25215,25216
1666,4069,468,800266,25215,25216
1667,4069,402,800266,25215,25216
1668,4069,484,800268,25241,25242
1669,4069,418,800268,25241,25242
1670,4069,471,800268,25241,25242
1671,4069,405,800268,25241,25242
1672,4069,470,800268,25241,25242
1673,4069,404,800268,25241,25242
1674,4069,469,800268,25241,25242
1675,4069,403,800268,25241,25242
1676,4069,468,800268,25241,25242
1677,4069,402,800268,25241,25242
1678,4069,484,800270,25267,25268
1679,4069,418,800270,25267,25268
1680,4069,471,800270,25267,25268
1681,4069,405,800270,25267,25268
1682,4069,470,800270,25267,25268
1683,4069,404,800270,25267,25268
1684,4069,469,800270,25267,25268
1685,4069,403,800270,25267,25268
1686,4069,468,800270,25267,25268
1687,4069,402,800270,25267,25268
1688,4015,484,800272,25293,25294
1689,4015,418,800272,25293,25294
1690,4015,471,800272,25293,25294
1691,4015,405,800272,25293,25294
1692,4015,470,800272,25293,25294
1693,4015,404,800272,25293,25294
1694,4015,469,800272,25293,25294
1695,4015,403,800272,25293,25294
1696,4015,468,800272,25293,25294
1697,4015,484,800274,25330,25331
1698,4015,418,800274,25330,25331
1699,4015,471,800274,25330,25331
1700,4015,405,800274,25330,25331
1701,4015,470,800274,25330,25331
1702,4015,404,800274,25330,25331
1703,4015,469,800274,25330,25331
1704,4015,403,800274,25330,25331
1705,4015,468,800274,25330,25331
1706,4015,484,800276,25367,25368
1707,4015,418,800276,25367,25368
1708,4015,471,800276,25367,25368
1709,4015,405,800276,25367,25368
1710,4015,470,800276,25367,25368
1711,4015,404,800276,25367,25368
1712,4015,469,800276,25367,25368
1713,4015,403,800276,25367,25368
1714,4015,468,800276,25367,25368
1715,4015,484,800278,25404,25405
1716,4015,418,800278,25404,25405
1717,4015,471,800278,25404,25405
1718,4015,405,800278,25404,25405
1719,4015,470,800278,25404,25405
1720,4015,404,800278,25404,25405
1721,4015,469,800278,25404,25405
1722,4015,403,800278,25404,25405
1723,4015,468,800278,25404,25405
1724,4006,484,800376,25435,25436
1725,4006,418,800376,25435,25436
1726,4006,469,800376,25435,25436
1727,4006,403,800376,25435,25436
1728,4006,468,800376,25435,25436
1729,4006,402,800376,25435,25436
1730,4006,406,800376,25435,25436
1731,4006,389,800376,25435,25436
1732,4000,484,800280,25459,25460
1733,4000,418,800280,25459,25460
1734,4000,471,800280,25459,25460
1735,4000,405,800280,25459,25460
1736,4000,470,800280,25459,25460
1737,4000,404,800280,25459,25460
1738,4000,469,800280,25459,25460
1739,4000,403,800280,25459,25460
1740,4000,468,800280,25459,25460
1741,4000,402,800280,25459,25460
1742,4000,413,800280,25459,25460
1743,4000,414,800280,25459,25460
1744,4000,484,800282,25503,25504
1745,4000,418,800282,25503,25504
1746,4000,471,800282,25503,25504
1747,4000,405,800282,25503,25504
1748,4000,470,800282,25503,25504
1749,4000,404,800282,25503,25504
1750,4000,469,800282,25503,25504
1751,4000,403,800282,25503,25504
1752,4000,468,800282,25503,25504
1753,4000,402,800282,25503,25504
1754,4000,484,800284,25529,25530
1755,4000,418,800284,25529,25530
1756,4000,471,800284,25529,25530
1757,4000,405,800284,25529,25530
1758,4000,470,800284,25529,25530
1759,4000,404,800284,25529,25530
1760,4000,469,800284,25529,25530
1761,4000,403,800284,25529,25530
1762,4000,468,800284,25529,25530
1763,4000,402,800284,25529,25530
1764,4000,484,800434,25555,25556
1765,4000,418,800434,25555,25556
1766,4000,471,800434,25555,25556
1767,4000,405,800434,25555,25556
1768,4000,470,800434,25555,25556
1769,4000,404,800434,25555,25556
1770,4000,469,800434,25555,25556
1771,4000,403,800434,25555,25556
1772,4000,468,800434,25555,25556
1773,4000,402,800434,25555,25556
1774,4000,484,800436,25581,25582
1775,4000,418,800436,25581,25582
1776,4000,471,800436,25581,25582
1777,4000,405,800436,25581,25582
1778,4000,470,800436,25581,25582
1779,4000,404,800436,25581,25582
1780,4000,469,800436,25581,25582
1781,4000,403,800436,25581,25582
1782,4000,468,800436,25581,25582
1783,4000,402,800436,25581,25582
1784,4094,484,800286,25607,25608
1785,4094,418,800286,25607,25608
1786,4094,468,800286,25607,25608
1787,4094,402,800286,25607,25608
1788,4094,484,800288,25615,25616
1789,4094,418,800288,25615,25616
1790,4094,468,800288,25615,25616
1791,4094,402,800288,25615,25616
1792,4054,484,800290,25621,25622
1793,4054,418,800290,25621,25622
1794,4054,471,800290,25621,25622
1795,4054,405,800290,25621,25622
1796,4054,470,800290,25621,25622
1797,4054,404,800290,25621,25622
1798,4054,469,800290,25621,25622
1799,4054,403,800290,25621,25622
1800,4054,468,800290,25621,25622
1801,4054,402,800290,25621,25622
1802,4054,484,800438,25647,25648
1803,4054,418,800438,25647,25648
1804,4054,471,800438,25647,25648
1805,4054,405,800438,25647,25648
1806,4054,470,800438,25647,25648
1807,4054,404,800438,25647,25648
1808,4054,469,800438,25647,25648
1809,4054,403,800438,25647,25648
1810,4054,468,800438,25647,25648
1811,4054,402,800438,25647,25648
1812,4054,484,800440,25673,25674
1813,4054,418,800440,25673,25674
1814,4054,471,800440,25673,25674
1815,4054,405,800440,25673,25674
1816,4054,470,800440,25673,25674
1817,4054,404,800440,25673,25674
1818,4054,469,800440,25673,25674
1819,4054,403,800440,25673,25674
1820,4054,468,800440,25673,25674
1821,4054,402,800440,25673,25674
1822,4054,484,800442,25699,25700
1823,4054,418,800442,25699,25700
1824,4054,471,800442,25699,25700
1825,4054,405,800442,25699,25700
1826,4054,470,800442,25699,25700
1827,4054,404,800442,25699,25700
1828,4054,469,800442,25699,25700
1829,4054,403,800442,25699,25700
1830,4054,468,800442,25699,25700
1831,4054,402,800442,25699,25700
1832,4038,484,800292,25725,25726
1833,4038,418,800292,25725,25726
1834,4038,471,800292,25725,25726
1835,4038,405,800292,25725,25726
1836,4038,470,800292,25725,25726
1837,4038,404,800292,25725,25726
1838,4038,484,800294,25747,25748
1839,4038,418,800294,25747,25748
1840,4038,471,800294,25747,25748
1841,4038,405,800294,25747,25748
1842,4038,470,800294,25747,25748
1843,4038,404,800294,25747,25748
1844,4039,484,800296,25769,25770
1845,4039,418,800296,25769,25770
1846,4039,471,800296,25769,25770
1847,4039,405,800296,25769,25770
1848,4039,470,800296,25769,25770
1849,4039,404,800296,25769,25770
1850,4039,484,800298,25791,25792
1851,4039,418,800298,25791,25792
1852,4039,471,800298,25791,25792
1853,4039,405,800298,25791,25792
1854,4039,470,800298,25791,25792
1855,4039,404,800298,25791,25792
1856,4022,484,800300,25813,25814
1857,4022,418,800300,25813,25814
1858,4022,471,800300,25813,25814
1859,4022,405,800300,25813,25814
1860,4022,470,800300,25813,25814
1861,4022,404,800300,25813,25814
1862,4022,469,800300,25813,25814
1863,4022,403,800300,25813,25814
1864,4022,468,800300,25813,25814
1865,4022,484,800302,25829,25830
1866,4022,418,800302,25829,25830
1867,4022,471,800302,25829,25830
1868,4022,405,800302,25829,25830
1869,4022,470,800302,25829,25830
1870,4022,404,800302,25829,25830
1871,4022,469,800302,25829,25830
1872,4022,403,800302,25829,25830
1873,4022,468,800302,25829,25830
1874,4022,484,800444,25852,25853
1875,4022,418,800444,25852,25853
1876,4022,471,800444,25852,25853
1877,4022,405,800444,25852,25853
1878,4022,470,800444,25852,25853
1879,4022,404,800444,25852,25853
1880,4022,469,800444,25852,25853
1881,4022,403,800444,25852,25853
1882,4022,468,800444,25852,25853
1883,4021,484,800304,25875,25876
1884,4021,418,800304,25875,25876
1885,4021,469,800304,25875,25876
1886,4021,403,800304,25875,25876
1887,4021,468,800304,25875,25876
1888,4021,484,800306,25886,25887
1889,4021,418,800306,25886,25887
1890,4021,469,800306,25886,25887
1891,4021,403,800306,25886,25887
1892,4021,468,800306,25886,25887
1893,4056,484,800308,25897,25898
1894,4056,418,800308,25897,25898
1895,4056,471,800308,25897,25898
1896,4056,405,800308,25897,25898
1897,4056,470,800308,25897,25898
1898,4056,404,800308,25897,25898
1899,4056,469,800308,25897,25898
1900,4056,403,800308,25897,25898
1901,4056,468,800308,25897,25898
1902,4031,484,800310,25918,25919
1903,4031,418,800310,25918,25919
1904,4031,471,800310,25918,25919
1905,4031,405,800310,25918,25919
1906,4031,470,800310,25918,25919
1907,4031,404,800310,25918,25919
1908,4031,469,800310,25918,25919
1909,4031,403,800310,25918,25919
1910,4031,484,800312,25938,25939
1911,4031,418,800312,25938,25939
1912,4031,471,800312,25938,25939
1913,4031,405,800312,25938,25939
1914,4031,470,800312,25938,25939
1915,4031,404,800312,25938,25939
1916,4031,469,800312,25938,25939
1917,4031,403,800312,25938,25939
1918,4020,484,800314,25958,25959
1919,4020,418,800314,25958,25959
1920,4020,471,800314,25958,25959
1921,4020,405,800314,25958,25959
1922,4020,470,800314,25958,25959
1923,4020,404,800314,25958,25959
1924,4020,469,800314,25958,25959
1925,4020,468,800314,25958,25959
1926,4020,484,800316,25981,25982
1927,4020,418,800316,25981,25982
1928,4020,471,800316,25981,25982
1929,4020,405,800316,25981,25982
1930,4020,470,800316,25981,25982
1931,4020,404,800316,25981,25982
1932,4020,469,800316,25981,25982
1933,4020,468,800316,25981,25982
1934,4091,484,800318,26004,26005
1935,4091,418,800318,26004,26005
1936,4091,471,800318,26004,26005
1937,4091,405,800318,26004,26005
1938,4091,470,800318,26004,26005
1939,4091,404,800318,26004,26005
1940,4091,469,800318,26004,26005
1941,4091,484,800320,26016,26017
1942,4091,418,800320,26016,26017
1943,4091,471,800320,26016,26017
1944,4091,405,800320,26016,26017
1945,4091,470,800320,26016,26017
1946,4091,404,800320,26016,26017
1947,4091,469,800320,26016,26017
1948,4091,403,800321,,
1949,4093,484,800322,26036,26037
1950,4093,418,800322,26036,26037
1951,4093,471,800322,26036,26037
1952,4093,405,800322,26036,26037
1953,4093,470,800322,26036,26037
1954,4093,404,800322,26036,26037
1955,4093,469,800322,26036,26037
1956,4093,484,800324,26048,26049
1957,4093,418,800324,26048,26049
1958,4093,471,800324,26048,26049
1959,4093,405,800324,26048,26049
1960,4093,470,800324,26048,26049
1961,4093,404,800324,26048,26049
1962,4093,469,800324,26048,26049
1963,4093,403,800324,26048,26049
1964,4005,484,800326,26064,26065
1965,4005,418,800326,26064,26065
1966,4005,469,800326,26064,26065
1967,4005,403,800326,26064,26065
1968,4005,468,800326,26064,26065
1969,4005,402,800326,26064,26065
1970,4004,484,800378,26086,26087
1971,4004,418,800378,26086,26087
1972,4004,471,800378,26086,26087
1973,4004,405,800378,26086,26087
1974,4004,470,800378,26086,26087
1975,4004,404,800378,26086,26087
1976,4004,469,800378,26086,26087
1977,4004,403,800378,26086,26087
1978,4004,468,800378,26086,26087
1979,4004,402,800378,26086,26087
1980,4004,455,800378,26086,26087
1981,4004,389,800378,26086,26087
1982,4004,456,800378,26086,26087
1983,4004,390,800378,26086,26087
1984,4004,392,800378,26086,26087
1985,4004,484,800380,26117,26118
1986,4004,418,800380,26117,26118
1987,4004,471,800380,26117,26118
1988,4004,405,800380,26117,26118
1989,4004,470,800380,26117,26118
1990,4004,404,800380,26117,26118
1991,4004,469,800380,26117,26118
1992,4004,403,800380,26117,26118
1993,4004,468,800380,26117,26118
1994,4004,402,800380,26117,26118
1995,4004,455,800380,26117,26118
1996,4004,389,800380,26117,26118
1997,4004,456,800380,26117,26118
1998,4004,390,800380,26117,26118
1999,4011,484,800382,26147,26148
2000,4011,418,800382,26147,26148
2001,4011,468,800382,26147,26148
2002,4011,402,800382,26147,26148
2003,4011,455,800382,26147,26148
2004,4011,389,800382,26147,26148
2005,4011,484,800384,26161,26162
2006,4011,418,800384,26161,26162
2007,4011,468,800384,26161,26162
2008,4011,402,800384,26161,26162
2009,4011,455,800384,26161,26162
2010,4011,389,800384,26161,26162
2011,4089,484,800328,26175,26176
2012,4089,418,800328,26175,26176
2013,4089,471,800328,26175,26176
2014,4089,405,800328,26175,26176
2015,4089,470,800328,26175,26176
2016,4089,404,800328,26175,26176
2017,4089,469,800328,26175,26176
2018,4089,403,800328,26175,26176
2019,4089,468,800328,26175,26176
2020,4089,402,800328,26175,26176
2021,4089,484,800330,26201,26202
2022,4089,418,800330,26201,26202
2023,4089,471,800330,26201,26202
2024,4089,405,800330,26201,26202
2025,4089,470,800330,26201,26202
2026,4089,404,800330,26201,26202
2027,4089,469,800330,26201,26202
2028,4089,403,800330,26201,26202
2029,4089,468,800330,26201,26202
2030,4089,402,800330,26201,26202
2031,4087,484,800332,26227,26228
2032,4087,418,800332,26227,26228
2033,4087,471,800332,26227,26228
2034,4087,405,800332,26227,26228
2035,4087,470,800332,26227,26228
2036,4087,404,800332,26227,26228
2037,4087,469,800332,26227,26228
2038,4087,403,800332,26227,26228
2039,4087,468,800332,26227,26228
2040,4087,402,800332,26227,26228
2041,4087,484,800334,26253,26254
2042,4087,418,800334,26253,26254
2043,4087,471,800334,26253,26254
2044,4087,405,800334,26253,26254
2045,4087,470,800334,26253,26254
2046,4087,404,800334,26253,26254
2047,4087,469,800334,26253,26254
2048,4087,403,800334,26253,26254
2049,4087,468,800334,26253,26254
2050,4087,402,800334,26253,26254
2051,4055,484,800336,26279,26280
2052,4055,418,800336,26279,26280
2053,4055,471,800336,26279,26280
2054,4055,405,800336,26279,26280
2055,4055,470,800336,26279,26280
2056,4055,404,800336,26279,26280
2057,4055,469,800336,26279,26280
2058,4055,403,800336,26279,26280
2059,4055,468,800336,26279,26280
2060,4055,484,800446,26302,26303
2061,4055,418,800446,26302,26303
2062,4055,471,800446,26302,26303
2063,4055,405,800446,26302,26303
2064,4055,470,800446,26302,26303
2065,4055,404,800446,26302,26303
2066,4055,469,800446,26302,26303
2067,4055,403,800446,26302,26303
2068,4055,468,800446,26302,26303
2069,4055,484,800448,26325,26326
2070,4055,418,800448,26325,26326
2071,4055,471,800448,26325,26326
2072,4055,405,800448,26325,26326
2073,4055,470,800448,26325,26326
2074,4055,404,800448,26325,26326
2075,4055,469,800448,26325,26326
2076,4055,403,800448,26325,26326
2077,4055,468,800448,26325,26326
2078,4083,484,800338,26348,26349
2079,4083,418,800338,26348,26349
2080,4083,471,800338,26348,26349
2081,4083,405,800338,26348,26349
2082,4083,470,800338,26348,26349
2083,4083,404,800338,26348,26349
2084,4083,469,800338,26348,26349
2085,4083,403,800338,26348,26349
2086,4083,484,800340,26368,26369
2087,4083,418,800340,26368,26369
2088,4083,471,800340,26368,26369
2089,4083,405,800340,26368,26369
2090,4083,470,800340,26368,26369
2091,4083,404,800340,26368,26369
2092,4083,469,800340,26368,26369
2093,4083,403,800340,26368,26369
2094,4068,484,800370,26388,26389
2095,4068,418,800370,26388,26389
2096,4068,471,800370,26388,26389
2097,4068,405,800370,26388,26389
2098,4068,470,800370,26388,26389
2099,4068,404,800370,26388,26389
2100,4068,469,800370,26388,26389
2101,4068,403,800370,26388,26389
2102,4068,468,800370,26388,26389
2103,4068,402,800370,26388,26389
2104,4068,408,800370,26388,26389
2105,4068,407,800370,26388,26389
2106,4068,406,800370,26388,26389
2107,4066,484,800342,26433,26434
2108,4066,418,800342,26433,26434
2109,4066,471,800342,26433,26434
2110,4066,405,800342,26433,26434
2111,4066,470,800342,26433,26434
2112,4066,404,800342,26433,26434
2113,4066,469,800342,26433,26434
2114,4066,403,800342,26433,26434
2115,4066,468,800342,26433,26434
2116,4066,402,800342,26433,26434
2117,4066,484,800344,26459,26460
2118,4066,418,800344,26459,26460
2119,4066,471,800344,26459,26460
2120,4066,405,800344,26459,26460
2121,4066,470,800344,26459,26460
2122,4066,404,800344,26459,26460
2123,4066,469,800344,26459,26460
2124,4066,403,800344,26459,26460
2125,4066,468,800344,26459,26460
2126,4066,402,800344,26459,26460
2127,4076,484,800346,26485,26486
2128,4076,418,800346,26485,26486
2129,4076,471,800346,26485,26486
2130,4076,405,800346,26485,26486
2131,4076,470,800346,26485,26486
2132,4076,404,800346,26485,26486
2133,4076,469,800346,26485,26486
2134,4076,403,800346,26485,26486
2135,4076,468,800346,26485,26486
2136,4076,402,800346,26485,26486
2137,4076,484,800348,26511,26512
2138,4076,418,800348,26511,26512
2139,4076,471,800348,26511,26512
2140,4076,405,800348,26511,26512
2141,4076,470,800348,26511,26512
2142,4076,404,800348,26511,26512
2143,4076,469,800348,26511,26512
2144,4076,403,800348,26511,26512
2145,4076,468,800348,26511,26512
2146,4076,402,800348,26511,26512
2147,4003,484,800350,26537,26538
2148,4003,418,800350,26537,26538
2149,4003,471,800350,26537,26538
2150,4003,405,800350,26537,26538
2151,4003,470,800350,26537,26538
2152,4003,404,800350,26537,26538
2153,4003,469,800350,26537,26538
2154,4003,403,800350,26537,26538
2155,4003,468,800350,26537,26538
2156,4003,402,800350,26537,26538
2157,4028,484,800352,26579,26580
2158,4028,418,800352,26579,26580
2159,4028,469,800352,26579,26580
2160,4028,403,800352,26579,26580
2161,4028,484,800354,26591,26592
2162,4028,418,800354,26591,26592
2163,4028,469,800354,26591,26592
2164,4028,403,800354,26591,26592
2165,4061,484,800356,26603,26604
2166,4061,418,800356,26603,26604
2167,4061,469,800356,26603,26604
2168,4061,403,800356,26603,26604
2169,4061,468,800356,26603,26604
2170,4061,402,800356,26603,26604
2171,4084,484,800358,26625,26626
2172,4084,418,800358,26625,26626
2173,4084,471,800358,26625,26626
2174,4084,405,800358,26625,26626
2175,4084,470,800358,26625,26626
2176,4084,404,800358,26625,26626
2177,4084,469,800358,26625,26626
2178,4084,403,800358,26625,26626
2179,4033,484,800360,26657,26658
2180,4033,418,800360,26657,26658
2181,4033,471,800360,26657,26658
2182,4033,405,800360,26657,26658
2183,4033,484,800362,26665,26666
2184,4033,418,800362,26665,26666
2185,4033,471,800362,26665,26666
2186,4033,405,800362,26665,26666
2187,4041,484,800364,26673,26674
2188,4041,418,800364,26673,26674
2189,4041,471,800364,26673,26674
2190,4041,405,800364,26673,26674
2191,4041,470,800364,26673,26674
2192,4041,404,800364,26673,26674
2193,4041,469,800364,26673,26674
2194,4041,403,800364,26673,26674
2195,4041,408,800364,26673,26674
2196,4035,484,800366,26706,26707
2197,4035,418,800366,26706,26707
2198,4035,471,800366,26706,26707
2199,4035,405,800366,26706,26707
2200,4035,404,800366,26706,26707
2201,4035,403,800366,26706,26707
2202,4035,406,800366,26706,26707
2203,4035,407,800366,26706,26707
2204,4035,408,800366,26706,26707
2205,4035,470,800366,26706,26707
2206,4035,469,800366,26706,26707
2207,4013,484,800368,26739,26740
2208,4013,418,800368,26739,26740
2209,4013,471,800368,26739,26740
2210,4013,405,800368,26739,26740
2211,4013,470,800368,26739,26740
2212,4013,404,800368,26739,26740
2213,4013,469,800368,26739,26740
2214,4013,403,800368,26739,26740
2215,4013,468,800368,26739,26740
2216,4023,484,800372,26776,26777
2217,4023,418,800372,26776,26777
2218,4023,471,800372,26776,26777
2219,4023,405,800372,26776,26777
2220,4023,470,800372,26776,26777
2221,4023,404,800372,26776,26777
2222,4023,469,800372,26776,26777
2223,4023,403,800372,26776,26777
2224,4023,468,800372,26776,26777
2225,4023,402,800372,26776,26777
2226,4023,401,800372,26776,26777
2227,4023,399,800372,26776,26777
2228,4023,398,800372,26776,26777
2229,4023,397,800372,26776,26777
2230,4023,396,800372,26776,26777
2231,4023,395,800372,26776,26777
2232,4023,394,800372,26776,26777
2233,4023,393,800372,26776,26777
2234,4023,389,800372,26776,26777
2235,4023,390,800372,26776,26777
2236,4023,391,800372,26776,26777
2237,4023,392,800372,26776,26777
